Week Calendar,Total Load
71,2036.22358
72,2235.39296
73,1927.19764
74,3340.2131400000003
75,1620.79694
76,2699.2842
77,2740.99614
